year,population,morbidity,healthy,percentage
2018,8,0.002764,8,0.032977328
2017,8,0.002675,8,0.032448439
2016,8,0.002759,8,0.034023987
2015,8,0.002594,8,0.032512418
2014,7,0.002646,7,0.036017416
2013,7,0.002521,7,0.034315913
2012,7,0.002382,7,0.032423841
2011,7,0.002206,7,0.030028125
2010,7,0.002268,7,0.030872071
